{"dynamicKS":[{"primaryCode":67,"PressureOnPress":1.0,"XOnPress":441,"YOnPress":443,"LinearAccelerationOnPress":{"x":[0.08293629,-1.7565486,-0.5476949,0.19968426,0.41111434,0.5834973],"y":[-0.45315075,0.14985275,0.2061739,-0.04485798,0.116922855,0.011977673],"z":[1.7964144,0.5902357,0.7816858,-0.35564137,-0.62320614,-0.3618641]},"RotationVectorOnPress":{"x":[0.071759865,0.08225175,0.100461066,0.102434844,0.105027065,0.106311925],"y":[0.24027158,0.22624746,0.19949088,0.22895934,0.24693412,0.262862],"z":[0.8449553,0.84504807,0.8561864,0.8583191,0.85595316,0.85380834]},"KeyPressDelay":67.98875,"PressureOnRelease":1.0,"XOnRelease":436,"YOnRelease":441,"LinearAccelerationOnRelease":{"x":[-0.5476949,0.19968426,0.41111434,0.5834973,0.16424847,-0.107933044],"y":[0.2061739,-0.04485798,0.116922855,0.011977673,-0.22938251,-0.15633583],"z":[0.7816858,-0.35564137,-0.62320614,-0.3618641,0.0041685104,-0.10860157]},"RotationVectorOnRelease":{"x":[0.100461066,0.102434844,0.105027065,0.106311925,0.10834741,0.10311529],"y":[0.19949088,0.22895934,0.24693412,0.262862,0.27366665,0.28788346],"z":[0.8561864,0.8583191,0.85595316,0.85380834,0.8523287,0.8527519]},"vectorCoord":"X\u003d-5;Y\u003d-2","vectorCoordX":-5,"vectorCoordY":-2},{"NoKeyPressDelay":73.137709,"primaryCode":111,"PressureOnPress":1.0,"XOnPress":914,"YOnPress":134,"LinearAccelerationOnPress":{"x":[0.19968426,0.41111434,0.5834973,0.16424847,-0.107933044,-0.08074057],"y":[-0.04485798,0.116922855,0.011977673,-0.22938251,-0.15633583,0.008448601],"z":[-0.35564137,-0.62320614,-0.3618641,0.0041685104,-0.10860157,-0.22081089]},"RotationVectorOnPress":{"x":[0.102434844,0.105027065,0.106311925,0.10834741,0.10311529,0.0968426],"y":[0.22895934,0.24693412,0.262862,0.27366665,0.28788346,0.29404005],"z":[0.8583191,0.85595316,0.85380834,0.8523287,0.8527519,0.85611373]},"KeyPressDelay":87.238437,"PressureOnRelease":1.0,"XOnRelease":909,"YOnRelease":128,"LinearAccelerationOnRelease":{"x":[0.41111434,0.5834973,0.16424847,-0.107933044,-0.08074057,0.10569793],"y":[0.116922855,0.011977673,-0.22938251,-0.15633583,0.008448601,-0.26363897],"z":[-0.62320614,-0.3618641,0.0041685104,-0.10860157,-0.22081089,0.5487647]},"RotationVectorOnRelease":{"x":[0.105027065,0.106311925,0.10834741,0.10311529,0.0968426,0.08695203],"y":[0.24693412,0.262862,0.27366665,0.28788346,0.29404005,0.30651742],"z":[0.85595316,0.85380834,0.8523287,0.8527519,0.85611373,0.85723495]},"vectorCoord":"X\u003d-5;Y\u003d-6","vectorCoordX":-5,"vectorCoordY":-6},{"NoKeyPressDelay":88.892396,"primaryCode":100,"PressureOnPress":1.0,"XOnPress":314,"YOnPress":280,"LinearAccelerationOnPress":{"x":[0.16424847,-0.107933044,-0.08074057,0.10569793,0.043753505,0.4879855],"y":[-0.22938251,-0.15633583,0.008448601,-0.26363897,-0.19697094,-0.07161665],"z":[0.0041685104,-0.10860157,-0.22081089,0.5487647,-0.18952465,-0.0074124336]},"RotationVectorOnPress":{"x":[0.10834741,0.10311529,0.0968426,0.08695203,0.09342571,0.10354278],"y":[0.27366665,0.28788346,0.29404005,0.30651742,0.30680618,0.3056951],"z":[0.8523287,0.8527519,0.85611373,0.85723495,0.85717815,0.8570502]},"KeyPressDelay":78.502448,"PressureOnRelease":1.0,"XOnRelease":318,"YOnRelease":274,"LinearAccelerationOnRelease":{"x":[-0.107933044,-0.08074057,0.10569793,0.043753505,0.4879855,0.27851772],"y":[-0.15633583,0.008448601,-0.26363897,-0.19697094,-0.07161665,-0.114429474],"z":[-0.10860157,-0.22081089,0.5487647,-0.18952465,-0.0074124336,0.34778118]},"RotationVectorOnRelease":{"x":[0.10311529,0.0968426,0.08695203,0.09342571,0.10354278,0.109495014],"y":[0.28788346,0.29404005,0.30651742,0.30680618,0.3056951,0.3075572],"z":[0.8527519,0.85611373,0.85723495,0.85717815,0.8570502,0.85732806]},"vectorCoord":"X\u003d4;Y\u003d-6","vectorCoordX":4,"vectorCoordY":-6},{"NoKeyPressDelay":99.560521,"primaryCode":101,"PressureOnPress":1.0,"XOnPress":273,"YOnPress":137,"LinearAccelerationOnPress":{"x":[0.10569793,0.043753505,0.4879855,0.27851772,0.3150746,0.17138112],"y":[-0.26363897,-0.19697094,-0.07161665,-0.114429474,-0.02351904,-0.031401157],"z":[0.5487647,-0.18952465,-0.0074124336,0.34778118,0.032422066,0.6426444]},"RotationVectorOnPress":{"x":[0.08695203,0.09342571,0.10354278,0.109495014,0.11396712,0.12221503],"y":[0.30651742,0.30680618,0.3056951,0.3075572,0.30939466,0.31348193],"z":[0.85723495,0.85717815,0.8570502,0.85732806,0.8570444,0.85390973]},"KeyPressDelay":65.510104,"PressureOnRelease":1.0,"XOnRelease":273,"YOnRelease":129,"LinearAccelerationOnRelease":{"x":[0.043753505,0.4879855,0.27851772,0.3150746,0.17138112,-0.17147326],"y":[-0.19697094,-0.07161665,-0.114429474,-0.02351904,-0.031401157,-0.065843105],"z":[-0.18952465,-0.0074124336,0.34778118,0.032422066,0.6426444,-0.96231365]},"RotationVectorOnRelease":{"x":[0.09342571,0.10354278,0.109495014,0.11396712,0.12221503,0.12834527],"y":[0.30680618,0.3056951,0.3075572,0.30939466,0.31348193,0.32018763],"z":[0.85717815,0.8570502,0.85732806,0.8570444,0.85390973,0.8505934]},"vectorCoord":"X\u003d0;Y\u003d-8","vectorCoordX":0,"vectorCoordY":-8},{"NoKeyPressDelay":399.481822,"primaryCode":32,"PressureOnPress":1.0,"XOnPress":687,"YOnPress":587,"LinearAccelerationOnPress":{"x":[-0.9408709,1.2460417,-0.053785205,0.029110849,-0.097730756,0.24804175],"y":[0.52985,-1.0347204,0.20379162,0.10997343,0.0010786057,-0.29700708],"z":[-0.1872549,1.7932415,0.6692128,-0.055565357,0.27564287,0.29095268]},"RotationVectorOnPress":{"x":[0.10872012,0.099956915,0.10007631,0.09638695,0.09154778,0.091485396],"y":[0.29994714,0.2979994,0.30554417,0.31736496,0.3283829,0.33821017],"z":[0.86657065,0.87337583,0.8699083,0.8678927,0.86603546,0.864423]},"KeyPressDelay":58.120625,"PressureOnRelease":1.0,"XOnRelease":682,"YOnRelease":586,"LinearAccelerationOnRelease":{"x":[1.2460417,-0.053785205,0.029110849,-0.097730756,0.24804175,0.04535222],"y":[-1.0347204,0.20379162,0.10997343,0.0010786057,-0.29700708,-0.31345034],"z":[1.7932415,0.6692128,-0.055565357,0.27564287,0.29095268,0.007782936]},"RotationVectorOnRelease":{"x":[0.099956915,0.10007631,0.09638695,0.09154778,0.091485396,0.09150561],"y":[0.2979994,0.30554417,0.31736496,0.3283829,0.33821017,0.34850627],"z":[0.87337583,0.8699083,0.8678927,0.86603546,0.864423,0.8608363]},"vectorCoord":"X\u003d-5;Y\u003d-1","vectorCoordX":-5,"vectorCoordY":-1}]}