{"dynamicKS":[{"primaryCode":116,"PressureOnPress":1.0,"XOnPress":476,"YOnPress":80,"LinearAccelerationOnPress":{"x":[0.50609815,0.10612488,0.20814788,0.021231413,0.36941862,-0.039096475],"y":[-0.02299881,-0.32723618,0.09227896,-0.061627865,-0.08657932,-0.13627338],"z":[0.40250397,-0.23608351,-0.15659332,-0.49628544,0.26160622,-0.4413042]},"RotationVectorOnPress":{"x":[0.371439,0.3789,0.383458,0.386129,0.389406,0.39125],"y":[0.183154,0.192711,0.201607,0.210286,0.218185,0.227934],"z":[0.265793,0.268189,0.269198,0.27154,0.274061,0.278821]},"KeyPressDelay":124.390731,"PressureOnRelease":1.0,"XOnRelease":471,"YOnRelease":79,"LinearAccelerationOnRelease":{"x":[0.10612488,0.20814788,0.021231413,0.36941862,-0.039096475,0.039407015],"y":[-0.32723618,0.09227896,-0.061627865,-0.08657932,-0.13627338,-0.04166317],"z":[-0.23608351,-0.15659332,-0.49628544,0.26160622,-0.4413042,-0.2243681]},"RotationVectorOnRelease":{"x":[0.3789,0.383458,0.386129,0.389406,0.39125,0.396087],"y":[0.192711,0.201607,0.210286,0.218185,0.227934,0.230969],"z":[0.268189,0.269198,0.27154,0.274061,0.278821,0.281248]},"vectorCoord":"X\u003d-5;Y\u003d-1","vectorCoordX":-5,"vectorCoordY":-1},{"NoKeyPressDelay":140.579115,"primaryCode":101,"PressureOnPress":1.0,"XOnPress":280,"YOnPress":84,"LinearAccelerationOnPress":{"x":[0.36941862,-0.039096475,0.039407015,0.4373423,-0.4856702,0.036108255],"y":[-0.08657932,-0.13627338,-0.04166317,0.18684196,0.09861469,-0.30796957],"z":[0.26160622,-0.4413042,-0.2243681,-0.5378947,-0.92504644,0.8761444]},"RotationVectorOnPress":{"x":[0.389406,0.39125,0.396087,0.392368,0.390918,0.391317],"y":[0.218185,0.227934,0.230969,0.23673,0.235853,0.242673],"z":[0.274061,0.278821,0.281248,0.286528,0.29006,0.298993]},"KeyPressDelay":66.878231,"PressureOnRelease":1.0,"XOnRelease":279,"YOnRelease":86,"LinearAccelerationOnRelease":{"x":[-0.039096475,0.039407015,0.4373423,-0.4856702,0.036108255,-0.31864333],"y":[-0.13627338,-0.04166317,0.18684196,0.09861469,-0.30796957,0.074664116],"z":[-0.4413042,-0.2243681,-0.5378947,-0.92504644,0.8761444,-0.5488596]},"RotationVectorOnRelease":{"x":[0.39125,0.396087,0.392368,0.390918,0.391317,0.390705],"y":[0.227934,0.230969,0.23673,0.235853,0.242673,0.241854],"z":[0.278821,0.281248,0.286528,0.29006,0.298993,0.307181]},"vectorCoord":"X\u003d-1;Y\u003d2","vectorCoordX":-1,"vectorCoordY":2},{"NoKeyPressDelay":135.415346,"primaryCode":115,"PressureOnPress":1.0,"XOnPress":234,"YOnPress":277,"LinearAccelerationOnPress":{"x":[0.4373423,-0.4856702,0.036108255,-0.31864333,0.6591369,-0.5975666],"y":[0.18684196,0.09861469,-0.30796957,0.074664116,0.76097536,-0.39542723],"z":[-0.5378947,-0.92504644,0.8761444,-0.5488596,-0.88187313,-1.8014927]},"RotationVectorOnPress":{"x":[0.392368,0.390918,0.391317,0.390705,0.391286,0.390585],"y":[0.23673,0.235853,0.242673,0.241854,0.233427,0.215875],"z":[0.286528,0.29006,0.298993,0.307181,0.298893,0.287853]},"KeyPressDelay":88.160577,"PressureOnRelease":1.0,"XOnRelease":232,"YOnRelease":274,"LinearAccelerationOnRelease":{"x":[0.036108255,-0.31864333,0.6591369,-0.5975666,0.823493,0.09233868],"y":[-0.30796957,0.074664116,0.76097536,-0.39542723,0.054855347,0.13476467],"z":[0.8761444,-0.5488596,-0.88187313,-1.8014927,2.2855992,-1.9177575]},"RotationVectorOnRelease":{"x":[0.391317,0.390705,0.391286,0.390585,0.386244,0.38807],"y":[0.242673,0.241854,0.233427,0.215875,0.224102,0.225414],"z":[0.298993,0.307181,0.298893,0.287853,0.297473,0.296899]},"vectorCoord":"X\u003d-2;Y\u003d-3","vectorCoordX":-2,"vectorCoordY":-3},{"NoKeyPressDelay":153.611115,"primaryCode":116,"PressureOnPress":1.0,"XOnPress":439,"YOnPress":113,"LinearAccelerationOnPress":{"x":[0.6591369,-0.5975666,0.823493,0.09233868,-0.2960229,0.70542467],"y":[0.76097536,-0.39542723,0.054855347,0.13476467,-0.041017056,-0.049132824],"z":[-0.88187313,-1.8014927,2.2855992,-1.9177575,0.05302763,0.6076479]},"RotationVectorOnPress":{"x":[0.391286,0.390585,0.386244,0.38807,0.391225,0.393025],"y":[0.233427,0.215875,0.224102,0.225414,0.216289,0.218278],"z":[0.298893,0.287853,0.297473,0.296899,0.28909,0.286963]},"KeyPressDelay":86.286,"PressureOnRelease":1.0,"XOnRelease":439,"YOnRelease":110,"LinearAccelerationOnRelease":{"x":[0.823493,0.09233868,-0.2960229,0.70542467,0.1311152,-0.6413208],"y":[0.054855347,0.13476467,-0.041017056,-0.049132824,-0.3671913,0.22486496],"z":[2.2855992,-1.9177575,0.05302763,0.6076479,-0.005068779,-1.2276058]},"RotationVectorOnRelease":{"x":[0.386244,0.38807,0.391225,0.393025,0.393145,0.394334],"y":[0.224102,0.225414,0.216289,0.218278,0.229807,0.225442],"z":[0.297473,0.296899,0.28909,0.286963,0.290742,0.286561]},"vectorCoord":"X\u003d0;Y\u003d-3","vectorCoordX":0,"vectorCoordY":-3},{"NoKeyPressDelay":49041.760465,"primaryCode":-1,"PressureOnPress":1.0,"XOnPress":100,"YOnPress":442,"LinearAccelerationOnPress":{"x":[-0.50298494,0.08491975,0.46085793,0.8419756,-0.16155839,-0.49207592],"y":[-0.36911297,-0.24393749,-0.32924986,0.4847679,-0.5168829,-0.108944416],"z":[-2.5978947,-1.4158144,-0.6769471,0.06719589,-0.28551626,0.12984753]},"RotationVectorOnPress":{"x":[0.0576,0.064322,0.042599,0.02188,-0.006985,-0.025082],"y":[0.423852,0.433815,0.43991,0.446622,0.453297,0.458349],"z":[0.873276,0.868349,0.869142,0.868051,0.868842,0.868287]},"KeyPressDelay":51.825384,"PressureOnRelease":1.0,"XOnRelease":97,"YOnRelease":437,"LinearAccelerationOnRelease":{"x":[0.46085793,0.8419756,-0.16155839,-0.49207592,0.1303842,-1.0279438],"y":[-0.32924986,0.4847679,-0.5168829,-0.108944416,0.02892065,-0.33122587],"z":[-0.6769471,0.06719589,-0.28551626,0.12984753,0.14354467,-0.009441376]},"RotationVectorOnRelease":{"x":[0.042599,0.02188,-0.006985,-0.025082,-0.032467,-0.025115],"y":[0.43991,0.446622,0.453297,0.458349,0.46183,0.469117],"z":[0.869142,0.868051,0.868842,0.868287,0.868366,0.865516]},"vectorCoord":"X\u003d-3;Y\u003d-5","vectorCoordX":-3,"vectorCoordY":-5},{"NoKeyPressDelay":823.302461,"primaryCode":111,"PressureOnPress":1.0,"XOnPress":910,"YOnPress":91,"LinearAccelerationOnPress":{"x":[0.11689362,-0.08107972,0.13744257,0.22406662,0.21548212,-0.08962524],"y":[-0.11015749,-0.2725525,0.15481949,-0.4076581,-0.084939,-0.0021343231],"z":[0.44423008,-0.29096174,0.1500926,-0.8134608,0.12360716,-0.094489574]},"RotationVectorOnPress":{"x":[0.083222,0.090442,0.099166,0.094173,0.09287,0.094278],"y":[0.454165,0.450612,0.451243,0.450494,0.45365,0.453751],"z":[0.859362,0.861326,0.860825,0.862537,0.86067,0.860516]},"KeyPressDelay":101.927385,"PressureOnRelease":1.0,"XOnRelease":904,"YOnRelease":91,"LinearAccelerationOnRelease":{"x":[0.13744257,0.22406662,0.21548212,-0.08962524,0.43628743,-0.13904265],"y":[0.15481949,-0.4076581,-0.084939,-0.0021343231,-0.1474495,0.17721748],"z":[0.1500926,-0.8134608,0.12360716,-0.094489574,0.10713816,-0.36287785]},"RotationVectorOnRelease":{"x":[0.099166,0.094173,0.09287,0.094278,0.090738,0.092848],"y":[0.451243,0.450494,0.45365,0.453751,0.458911,0.454436],"z":[0.860825,0.862537,0.86067,0.860516,0.858593,0.859554]},"vectorCoord":"X\u003d-6;Y\u003d0","vectorCoordX":-6,"vectorCoordY":0},{"NoKeyPressDelay":928.421768,"primaryCode":-5,"PressureOnPress":1.0,"XOnPress":1008,"YOnPress":404,"LinearAccelerationOnPress":{"x":[0.7198857,-0.1681077,0.31622964,0.008580044,0.07614647,-0.0371802],"y":[-0.03258753,-0.03005886,-0.11320782,-0.17955685,-0.11978817,-0.23276424],"z":[0.28302717,-0.43797064,-0.30195904,0.08306265,-0.62747574,0.15561533]},"RotationVectorOnPress":{"x":[0.121546,0.118815,0.114776,0.114145,0.113403,0.115627],"y":[0.444299,0.441991,0.440405,0.442064,0.441873,0.441444],"z":[0.851678,0.852937,0.854716,0.854394,0.854994,0.85484]},"KeyPressDelay":87.515539,"PressureOnRelease":1.0,"XOnRelease":1003,"YOnRelease":401,"LinearAccelerationOnRelease":{"x":[-0.1681077,0.31622964,0.008580044,0.07614647,-0.0371802,-0.11209844],"y":[-0.03005886,-0.11320782,-0.17955685,-0.11978817,-0.23276424,-0.20320845],"z":[-0.43797064,-0.30195904,0.08306265,-0.62747574,0.15561533,0.09624672]},